{
  "list": {
    "day": [
      [
        1526889687618,
        9.27021494636131
      ],
      [
        1526886087618,
        37.90363196463225
      ],
      [
        1526882487618,
        64.5718380143531
      ],
      [
        1526878887618,
        75.70543832813992
      ],
      [
        1526875287618,
        77.03000117994094
      ],
      [
        1526871687618,
        11.913482964926182
      ],
      [
        1526868087618,
        14.10042925434134
      ],
      [
        1526864487618,
        9.8297723398725
      ],
      [
        1526860887618,
        5.353106626495929
      ],
      [
        1526857287618,
        76.5036441928129
      ],
      [
        1526853687618,
        43.76740122988034
      ],
      [
        1526850087618,
        75.54608629921738
      ],
      [
        1526846487618,
        55.47879046509709
      ],
      [
        1526842887618,
        80.78610893727769
      ],
      [
        1526839287618,
        68.08478144254715
      ],
      [
        1526835687618,
        95.31431666769639
      ],
      [
        1526832087618,
        33.41127543647326
      ],
      [
        1526828487618,
        43.806090027616996
      ],
      [
        1526824887618,
        82.99933984795949
      ],
      [
        1526821287618,
        85.18237497416823
      ],
      [
        1526817687618,
        86.01833543201384
      ],
      [
        1526814087618,
        79.34260326377245
      ],
      [
        1526810487618,
        37.30578946257459
      ],
      [
        1526806887618,
        42.79275967440262
      ]
    ],
    "week": [
      [
        1526889687618,
        6.217813314957099
      ],
      [
        1526868087618,
        63.61464243492374
      ],
      [
        1526846487618,
        81.08860542417244
      ],
      [
        1526824887618,
        62.31186920132614
      ],
      [
        1526803287618,
        61.41742390432272
      ],
      [
        1526781687618,
        22.677388682500464
      ],
      [
        1526760087618,
        87.27283782496758
      ],
      [
        1526738487618,
        65.80821258428324
      ],
      [
        1526716887618,
        67.50865325362263
      ],
      [
        1526695287618,
        33.29838298333727
      ],
      [
        1526673687618,
        14.14199489925938
      ],
      [
        1526652087618,
        4.786125036666955
      ],
      [
        1526630487618,
        77.23799812143585
      ],
      [
        1526608887618,
        23.971985701095644
      ],
      [
        1526587287618,
        70.517340206061
      ],
      [
        1526565687618,
        43.68722318203495
      ],
      [
        1526544087618,
        48.2924620489874
      ],
      [
        1526522487618,
        47.542887260128566
      ],
      [
        1526500887618,
        55.61263020273297
      ],
      [
        1526479287618,
        82.49199843621633
      ],
      [
        1526457687618,
        77.83747246501758
      ],
      [
        1526436087618,
        97.15231517448485
      ],
      [
        1526414487618,
        53.022702521220836
      ],
      [
        1526392887618,
        24.7848053072812
      ],
      [
        1526371287618,
        9.783154955998086
      ],
      [
        1526349687618,
        47.23941802949368
      ],
      [
        1526328087618,
        52.551148826115444
      ],
      [
        1526306487618,
        46.51783170400263
      ]
    ],
    "month": [
      [
        1526889687618,
        99.71964387045975
      ],
      [
        1526803287618,
        46.927846337696664
      ],
      [
        1526716887618,
        11.359303357758543
      ],
      [
        1526630487618,
        52.97440175106753
      ],
      [
        1526544087618,
        4.327945642876951
      ],
      [
        1526457687618,
        21.825031469913725
      ],
      [
        1526371287618,
        77.14095805527927
      ],
      [
        1526284887618,
        95.17176887904874
      ],
      [
        1526198487618,
        50.12577509062655
      ],
      [
        1526112087618,
        87.19639424877931
      ],
      [
        1526025687618,
        1.3779121033147046
      ],
      [
        1525939287618,
        85.11634212415076
      ],
      [
        1525852887618,
        15.399262954796678
      ],
      [
        1525766487618,
        5.233332477178343
      ],
      [
        1525680087618,
        27.932377162248613
      ],
      [
        1525593687618,
        85.20200118883146
      ],
      [
        1525507287618,
        40.44063532375315
      ],
      [
        1525420887618,
        77.08202278347727
      ],
      [
        1525334487618,
        11.725148506153204
      ],
      [
        1525248087618,
        65.4165616865473
      ],
      [
        1525161687618,
        26.316335477848952
      ],
      [
        1525075287618,
        6.515574927876022
      ],
      [
        1524988887618,
        86.1984586566406
      ],
      [
        1524902487618,
        18.328706673344296
      ],
      [
        1524816087618,
        51.7266739655816
      ],
      [
        1524729687618,
        69.51932487846679
      ],
      [
        1524643287618,
        30.846293233690126
      ],
      [
        1524556887618,
        3.0885954644547464
      ],
      [
        1524470487618,
        20.673113991310245
      ],
      [
        1524384087618,
        70.70825593455987
      ]
    ],
    "season": [
      [
        1526889687618,
        40.162534081644964
      ],
      [
        1526630487618,
        56.52730324103226
      ],
      [
        1526371287618,
        66.12904661983683
      ],
      [
        1526112087618,
        61.127394479787235
      ],
      [
        1525852887618,
        39.968293234014496
      ],
      [
        1525593687618,
        49.93837226032802
      ],
      [
        1525334487618,
        18.683254164774986
      ],
      [
        1525075287618,
        38.16519911743246
      ],
      [
        1524816087618,
        36.844525366680855
      ],
      [
        1524556887618,
        43.52565484656219
      ],
      [
        1524297687618,
        0.7916713271514997
      ],
      [
        1524038487618,
        21.787075304224945
      ],
      [
        1523779287618,
        93.32858147898861
      ],
      [
        1523520087618,
        56.79108108352211
      ],
      [
        1523260887618,
        60.02439289358683
      ],
      [
        1523001687618,
        90.08592197492521
      ],
      [
        1522742487618,
        24.02713194255035
      ],
      [
        1522483287618,
        93.16141470477235
      ],
      [
        1522224087618,
        20.865364080952588
      ],
      [
        1521964887618,
        77.82782111810691
      ],
      [
        1521705687618,
        12.051233361612379
      ],
      [
        1521446487618,
        91.65586771626081
      ],
      [
        1521187287618,
        13.728456109840526
      ],
      [
        1520928087618,
        43.410036586111424
      ],
      [
        1520668887618,
        81.85309768745384
      ],
      [
        1520409687618,
        90.60674279775695
      ],
      [
        1520150487618,
        55.218320671880264
      ],
      [
        1519891287618,
        67.41538034905092
      ],
      [
        1519632087618,
        1.8574106442355909
      ],
      [
        1519372887618,
        77.71223248250523
      ]
    ],